{
    "colors_types": {
        "trigger": [
            0.9411764705882353,
            0.8196078431372549,
            0.39607843137254894,
            1
        ],
        "trigger_inactive": [
            0.7529411764705882,
            0.655686274509804,
            0.3168627450980392,
            1
        ],
        "num": [
            0.3607843137254902,
            0.7098039215686275,
            0.6196078431372549,
            1
        ],
        "num_inactive": [
            0.28862745098039216,
            0.567843137254902,
            0.49568627450980396,
            1
        ],
        "obj": [
            0.7725490196078432,
            0.403921568627451,
            0.6705882352941177,
            1
        ],
        "obj_inactive": [
            0.6180392156862746,
            0.3231372549019608,
            0.5364705882352941,
            1
        ],
        "string": [
            0.8352941176470589,
            0.44705882352941173,
            0.44705882352941173,
            1
        ],
        "string_inactive": [
            0.6682352941176471,
            0.35764705882352943,
            0.35764705882352943,
            1
        ],
        "array": [
            0.5019607843137255,
            0.5176470588235292,
            0.8313725490196079,
            1
        ],
        "array_inactive": [
            0.40156862745098043,
            0.4141176470588234,
            0.6650980392156863,
            1
        ],
        "dynamic": [
            1,
            1,
            1,
            1
        ]
    },
    "colors_namespaces": {
        "unknown": [
            0.9040364583333333,
            0.9040364583333333,
            0.9040364583333333,
            1
        ],
        "Ops.Dev": [
            0.40531249999999996,
            0.40531249999999996,
            0.40531249999999996,
            1
        ],
        "Ops.Ui": [
            0,
            1,
            0.87453125,
            1
        ],
        "Ops.Vars": [
            0,
            1,
            0.87453125,
            1
        ],
        "Ops.Patch": [
            0,
            1,
            0.87453125,
            1
        ],
        "Ops.Cables": [
            0,
            1,
            0.87453125,
            1
        ],
        "Ops.Array": [
            0.5019607843137255,
            0.5176470588235292,
            0.8313725490196079,
            1
        ],
        "Ops.Arrays": [
            0.5019607843137255,
            0.5176470588235292,
            0.8313725490196079,
            1
        ],
        "Ops.Points": [
            0.5019607843137255,
            0.5176470588235292,
            0.8313725490196079,
            1
        ],
        "Ops.String": [
            0.8352941176470589,
            0.44705882352941173,
            0.44705882352941173,
            1
        ],
        "Ops.Website": [
            0.8352941176470589,
            0.44705882352941173,
            0.44705882352941173,
            1
        ],
        "Ops.Math": [
            0.3607843137254902,
            0.7098039215686275,
            0.6196078431372549,
            1
        ],
        "Ops.Boolean": [
            0.3607843137254902,
            0.7098039215686275,
            0.6196078431372549,
            1
        ],
        "Ops.Date": [
            0.3607843137254902,
            0.7098039215686275,
            0.6196078431372549,
            1
        ],
        "Ops.Color": [
            0.3607843137254902,
            0.7098039215686275,
            0.6196078431372549,
            1
        ],
        "Ops.Time": [
            0.3607843137254902,
            0.7098039215686275,
            0.6196078431372549,
            1
        ],
        "Ops.Anim": [
            0.3607843137254902,
            0.7098039215686275,
            0.6196078431372549,
            1
        ],
        "Ops.Number": [
            0.3607843137254902,
            0.7098039215686275,
            0.6196078431372549,
            1
        ],
        "Ops.Sidebar": [
            0.7725490196078432,
            0.403921568627451,
            0.6705882352941177,
            1
        ],
        "Ops.Json": [
            0.7725490196078432,
            0.403921568627451,
            0.6705882352941177,
            1
        ],
        "Ops.Html": [
            0.7725490196078432,
            0.403921568627451,
            0.6705882352941177,
            1
        ],
        "Ops.Net": [
            0.7725490196078432,
            0.403921568627451,
            0.6705882352941177,
            1
        ],
        "Ops.WebAudio": [
            0.7725490196078432,
            0.403921568627451,
            0.6705882352941177,
            1
        ],
        "Ops.Gl": [
            0.9411764705882353,
            0.8196078431372549,
            0.39607843137254894,
            1
        ],
        "Ops.Trigger": [
            0.9411764705882353,
            0.8196078431372549,
            0.39607843137254894,
            1
        ],
        "Ops.Graphics": [
            0.9411764705882353,
            0.8196078431372549,
            0.39607843137254894,
            1
        ]
    },
    "textedit": 0,
    "colors_timeline": {
        "background": [
            0.193359375,
            0.193359375,
            0.193359375,
            1
        ],
        "background_hover": [
            0.16671875000000003,
            0.16671875000000003,
            0.16671875000000003,
            1
        ],
        "overview_background": [
            0.18760416666666668,
            0.18760416666666668,
            0.18760416666666668,
            1
        ],
        "overview_bar": [
            0.42322916666666666,
            0.42322916666666666,
            0.42322916666666666,
            1
        ],
        "cursor": [
            0.02745098039215691,
            0.968627450980392,
            0.5490196078431373,
            1
        ],
        "key_cliparea": [
            0.09085937499999996,
            0.09085937499999996,
            0.09085937499999996,
            1
        ],
        "key_bezier": [
            0.4851287841796875,
            0.4868291130065918,
            0.48703125,
            1
        ],
        "key": [
            0.8026041666666667,
            0.8026041666666667,
            0.8026041666666667,
            1
        ],
        "key_selected": [
            0,
            1,
            0.7732812499999997,
            1
        ],
        "spline": [
            0.44132812499999996,
            0.44132812499999996,
            0.44132812499999996,
            1
        ],
        "spline_hover": [
            0.8014583333333334,
            0.8014583333333334,
            0.8014583333333334,
            1
        ],
        "spline_selectedkeys": [
            0.6298958333333333,
            0.6298958333333333,
            0.6298958333333333,
            1
        ],
        "spline_outside": [
            0.24455729166666662,
            0.24133314768473305,
            0.24133314768473305,
            1
        ],
        "spline_outside_hover": [
            0.237421875,
            0.237421875,
            0.237421875,
            1
        ],
        "spline_outside_selectedkeys": [
            0.237421875,
            0.237421875,
            0.237421875,
            1
        ],
        "key_readonly": [
            0.299296875,
            0.299296875,
            0.299296875,
            1
        ],
        "spline_readonly": [
            0.299296875,
            0.299296875,
            0.299296875,
            1
        ],
        "spline_outside_readonly": [
            0.299296875,
            0.299296875,
            0.299296875,
            1
        ],
        "ruler_frames": [
            0.0005729166666667007,
            0.0005729166666667007,
            0.0005729166666667007,
            1
        ],