{
    "colors_types": {
      "trigger": [
        0.9411764705882353,
        0.8196078431372549,
        0.39607843137254894,
        1
      ],
      "trigger_inactive": [
        0.7529411764705882,
        0.655686274509804,
        0.3168627450980392,
        1
      ],
      "num": [
        0.3607843137254902,
        0.7098039215686275,
        0.6196078431372549,
        1
      ],
      "num_inactive": [
        0.28862745098039216,
        0.567843137254902,
        0.49568627450980396,
        1
      ],
      "obj": [
        0.7725490196078432,
        0.403921568627451,
        0.6705882352941177,
        1
      ],
      "obj_inactive": [
        0.6180392156862746,
        0.3231372549019608,
        0.5364705882352941,
        1
      ],
      "string": [
        0.8352941176470589,
        0.44705882352941173,
        0.44705882352941173,
        1
      ],
      "string_inactive": [
        0.6682352941176471,
        0.35764705882352943,
        0.35764705882352943,
        1
      ],
      "array": [
        0.5019607843137255,
        0.5176470588235292,
        0.8313725490196079,
        1
      ],
      "array_inactive": [
        0.40156862745098043,
        0.4141176470588234,
        0.6650980392156863,
        1
      ],
      "dynamic": [
        1,
        1,
        1,
        1
      ]
    },
    "colors_namespaces": {
      "unknown": [
        0.9040364583333333,
        0.9040364583333333,
        0.9040364583333333,
        1
      ],
      "Ops.Dev": [
        0.40531249999999996,
        0.40531249999999996,
        0.40531249999999996,
        1
      ],
      "Ops.Ui": [
        0,
        1,
        0.87453125,
        1
      ],
      "Ops.Vars": [
        0,
        1,
        0.87453125,
        1
      ],
      "Ops.Patch": [
        0,
        1,
        0.87453125,
        1
      ],
      "Ops.Cables": [
        0,
        1,
        0.87453125,
        1
      ],
      "Ops.Array": [
        0.5019607843137255,
        0.5176470588235292,
        0.8313725490196079,
        1
      ],
      "Ops.Arrays": [
        0.5019607843137255,
        0.5176470588235292,
        0.8313725490196079,
        1
      ],
      "Ops.Points": [
        0.5019607843137255,
        0.5176470588235292,
        0.8313725490196079,
        1
      ],
      "Ops.String": [
        0.8352941176470589,
        0.44705882352941173,
        0.44705882352941173,
        1
      ],
      "Ops.Website": [
        0.8352941176470589,
        0.44705882352941173,
        0.44705882352941173,
        1
      ],
      "Ops.Math": [
        0.3607843137254902,
        0.7098039215686275,
        0.6196078431372549,
        1
      ],
      "Ops.Boolean": [
        0.3607843137254902,
        0.7098039215686275,
        0.6196078431372549,
        1
      ],
      "Ops.Date": [
        0.3607843137254902,
        0.7098039215686275,
        0.6196078431372549,
        1
      ],
      "Ops.Color": [
        0.3607843137254902,
        0.7098039215686275,
        0.6196078431372549,
        1
      ],
      "Ops.Time": [
        0.3607843137254902,
        0.7098039215686275,
        0.6196078431372549,
        1
      ],
      "Ops.Anim": [
        0.3607843137254902,
        0.7098039215686275,
        0.6196078431372549,
        1
      ],
      "Ops.Number": [
        0.3607843137254902,
        0.7098039215686275,
        0.6196078431372549,
        1
      ],
      "Ops.Sidebar": [
        0.7725490196078432,
        0.403921568627451,
        0.6705882352941177,
        1
      ],
      "Ops.Json": [
        0.7725490196078432,
        0.403921568627451,
        0.6705882352941177,
        1
      ],
      "Ops.Html": [
        0.7725490196078432,
        0.403921568627451,
        0.6705882352941177,
        1
      ],
      "Ops.Net": [
        0.7725490196078432,
        0.403921568627451,
        0.6705882352941177,
        1
      ],
      "Ops.WebAudio": [
        0.7725490196078432,
        0.403921568627451,
        0.6705882352941177,
        1
      ],
      "Ops.Gl": [
        0.9411764705882353,
        0.8196078431372549,
        0.39607843137254894,
        1
      ],
      "Ops.Trigger": [
        0.9411764705882353,
        0.8196078431372549,
        0.39607843137254894,
        1
      ],
      "Ops.Graphics": [
        0.9411764705882353,
        0.8196078431372549,
        0.39607843137254894,
        1
      ]
    },
    "textedit": 0,
    "colors_patch": {
      "opBgRectSelected": [
        0,
        0,
        0,
        1
      ],
      "selected": [
        0.24,
        0.24,
        0.24,
        0.999140625
      ],
      "selectedCable": [
        0.12710937499999997,
        0.12710937499999997,
        0.12710937499999997,
        0.999140625
      ],
      "patchSelectionArea": [
        0,
        0.8581249999999998,
        1,
        0.2
      ],
      "opTitleExt": [
        0.6333072916666667,
        0.6333072916666667,
        0.6333072916666667,
        1
      ],
      "background": [
        0.299921875,
        0.299921875,
        0.299921875,
        1
      ],
      "opBoundsRect": [
        0.3316145833333334,
        0.3316145833333334,
        0.3316145833333334,
        1
      ],
      "opBgRect": [
        0.18947916666666664,
        0.18947916666666664,
        0.18947916666666664,
        1
      ],
      "opErrorWarning": [
        1,
        0.819693217277527,
        0.0367584228515625,
        1
      ],
      "opError": [
        0.7742708333333334,
        0,
        0,
        1
      ],
      "opErrorHint": [
        0.5914843750000001,
        0.5914843750000001,
        0.5914843750000001,
        1
      ],
      "opNotWorkingCross": [
        1,
        0,
        0,
        1
      ],
      "patchComment": [
        1,
        1,
        1,
        1
      ]
    },
    "colors_html": {
      "text-color": [
        0.7673697916666666,
        0.7673697916666666,
        0.7673697916666666,
        0.48158854166666665
      ]
    },
    "patch": {
      "selectedOpBorderX": 44,
      "selectedOpBorderY": 44,
      "cablesWidth": 3,
      "cablesWidthSelected": 3,
      "cablesCurveY": 1,
      "cablesSubDivde": 2,
      "opStateIndicatorSize": 8,
      "fadeOutDistStart": 66,
      "fadeOutFadeDist": 33,
      "fadeOutFadeOpacity": 0.3,
      "cableButtonSize": 17
    },
    "colors_vizlayer": {
      "colorText": [
        0.8490885416666667,
        0.8490885416666667,
        0.8490885416666667,
        1
      ],
      "colorBackground": [
        0.13333333333333333,
        0.13333333333333333,
        0.13333333333333333,
        1
      ],
      "colorLineNumbers": [
        0.37916666666666665,
        0.37916666666666665,
        0.37916666666666665,
        1
      ]
    }
  }
