{
    "colors_types": {
      "trigger": [
        0.9411764705882353,
        0.8196078431372549,
        0.39607843137254894,
        1
      ],
      "trigger_inactive": [
        0.5647058823529412,
        0.4917647058823529,
        0.23764705882352935,
        1
      ],
      "num": [
        0.3607843137254902,
        0.7098039215686275,
        0.6196078431372549,
        1
      ],
      "num_inactive": [
        0.2164705882352941,
        0.4258823529411765,
        0.37176470588235294,
        1
      ],
      "obj": [
        0.6705882352941176,
        0.3529411764705883,
        0.580392156862745,
        1
      ],
      "obj_inactive": [
        0.5364705882352941,
        0.28235294117647064,
        0.46431372549019606,
        1
      ],
      "string": [
        0.8352941176470589,
        0.44705882352941173,
        0.44705882352941173,
        1
      ],
      "string_inactive": [
        0.6682352941176471,
        0.35764705882352943,
        0.35764705882352943,
        1
      ],
      "array": [
        0.5019607843137255,
        0.5176470588235292,
        0.8313725490196079,
        1
      ],
      "array_inactive": [
        0.40156862745098043,
        0.4141176470588234,
        0.6650980392156863,
        1
      ],
      "dynamic": [
        1,
        1,
        1,
        1
      ]
    },
    "colors_namespaces": {
      "unknown": [
        1,
        1,
        1,
        1
      ],
      "Ops.Ui": [
        0,
        1,
        0.87453125,
        1
      ],
      "Ops.Vars": [
        0,
        1,
        0.87453125,
        1
      ],
      "Ops.Patch": [
        0,
        1,
        0.87453125,
        1
      ],
      "Ops.Dev": [
        0.40531249999999996,
        0.40531249999999996,
        0.40531249999999996,
        1
      ],
      "Ops.Array": [
        0.5019607843137255,
        0.5176470588235292,
        0.8313725490196079,
        1
      ],
      "Ops.Arrays": [
        0.5019607843137255,
        0.5176470588235292,
        0.8313725490196079,
        1
      ],
      "Ops.String": [
        0.8352941176470589,
        0.44705882352941173,
        0.44705882352941173,
        1
      ],
      "Ops.Math": [
        0.3607843137254902,
        0.7098039215686275,
        0.6196078431372549,
        1
      ],
      "Ops.Boolean": [
        0.3607843137254902,
        0.7098039215686275,
        0.6196078431372549,
        1
      ],
      "Ops.Date": [
        0.3607843137254902,
        0.7098039215686275,
        0.6196078431372549,
        1
      ],
      "Ops.Sidebar": [
        0.6705882352941176,
        0.3529411764705883,
        0.580392156862745,
        1
      ],
      "Ops.Json": [
        0.6705882352941176,
        0.3529411764705883,
        0.580392156862745,
        1
      ],
      "Ops.Html": [
        0.6705882352941176,
        0.3529411764705883,
        0.580392156862745,
        1
      ],
      "Ops.Gl": [
        0.9411764705882353,
        0.8196078431372549,
        0.39607843137254894,
        1
      ],
      "Ops.Trigger": [
        0.9411764705882353,
        0.8196078431372549,
        0.39607843137254894,
        1
      ]
    },
    "textedit": 0,
    "colors_patch": {
      "opBgRectSelected": [
        0,
        0,
        0,
        1
      ],
      "selected": [
        0.5390364583333334,
        0.5390364583333334,
        0.5390364583333334,
        0.999140625
      ],
      "patchSelectionArea": [
        0,
        0.8581249999999998,
        1,
        0.2
      ],
      "opTitleExt": [
        0.6333072916666667,
        0.6333072916666667,
        0.6333072916666667,
        1
      ],
      "background": [
        0.2904947916666667,
        0.2904947916666667,
        0.2904947916666667,
        1
      ],
      "opBgRect": [
        0.14632812500000003,
        0.14632812500000003,
        0.14632812500000003,
        1
      ]
    },
    "colors_html": {
      "text-color": [
        1,
        0.13751220703125,
        0.8496036911010739,
        0.48158854166666665
      ]
    },
    "patch": {
      "selectedOpBorderX": 8,
      "selectedOpBorderY": 8
    }
  }
